"distrito","ano","quarter","precio"
"Arganzuela",2007,2,13.0665872953166
"Barajas",2007,2,11.1998547051696
"Carabanchel",2007,2,11.127661322858
"Centro",2007,2,17.7464038079552
"Chamartín",2007,2,14.386479507498
"Chamberí",2007,2,14.9796763438228
"Ciudad Lineal",2007,2,12.5966251697307
"Fuencarral",2007,2,10.164143328771
"Hortaleza",2007,2,12.5205347232998
"Latina",2007,2,11.02523251347
"Moncloa",2007,2,13.2415454859411
"Moratalaz",2007,2,11.4986112209726
"Puente De Vallecas",2007,2,11.6913758326212
"Retiro",2007,2,13.7475220210882
"Salamanca",2007,2,15.4751580447348
"San Blas",2007,2,11.8347737932991
"Tetuan",2007,2,12.4282313701254
"Usera",2007,2,11.0142351276564
"Vicálvaro",2007,2,9.59265102936488
"Villa De Vallecas",2007,2,10.3157168881887
"Villaverde",2007,2,10.3039812040477
"Arganzuela",2007,4,13.999737283699
"Barajas",2007,4,11.9582415675523
"Carabanchel",2007,4,12.1600929262779
"Centro",2007,4,18.0445935367462
"Chamartín",2007,4,14.6839466995602
"Chamberí",2007,4,16.0982213435844
"Ciudad Lineal",2007,4,12.9384749146432
"Fuencarral",2007,4,10.9379667886466
"Hortaleza",2007,4,12.9064039775179
"Latina",2007,4,11.6550670081984
"Moncloa",2007,4,13.3590922532967
"Moratalaz",2007,4,11.1178938769261
"Puente De Vallecas",2007,4,12.2052788634833
"Retiro",2007,4,14.0219478309353
"Salamanca",2007,4,16.6115172882065
"San Blas",2007,4,12.6563467240883
"Tetuan",2007,4,12.7674155366752
"Usera",2007,4,11.9071230758154
"Vicálvaro",2007,4,10.3385908633002
"Villa De Vallecas",2007,4,11.2820859687619
"Villaverde",2007,4,10.92044583
"Arganzuela",2008,2,13.5672252074436
"Barajas",2008,2,12.0738216527753
"Carabanchel",2008,2,11.9309674938557
"Centro",2008,2,17.6186080820587
"Chamartín",2008,2,14.8189432621271
"Chamberí",2008,2,16.2554053732529
"Ciudad Lineal",2008,2,13.2944988610468
"Fuencarral",2008,2,11.8898784425475
"Hortaleza",2008,2,13.1458938605389
"Latina",2008,2,11.9094514210284
"Moncloa",2008,2,14.1117018615716
"Moratalaz",2008,2,11.9256846354193
"Puente De Vallecas",2008,2,12.418159988491
"Retiro",2008,2,14.2405585097576
"Salamanca",2008,2,16.8815795664998
"San Blas",2008,2,12.9878161747704
"Tetuan",2008,2,13.0983695956028
"Usera",2008,2,12.4188464469082
"Vicálvaro",2008,2,10.8507311108897
"Villa De Vallecas",2008,2,11.0872054976704
"Villaverde",2008,2,11.2348412754786
"Arganzuela",2008,4,13.1939529452426
"Barajas",2008,4,11.6060721463097
"Carabanchel",2008,4,11.2062748522771
"Centro",2008,4,16.8580532573621
"Chamartín",2008,4,14.6890111304801
"Chamberí",2008,4,15.4204791446198
"Ciudad Lineal",2008,4,12.5796109805769
"Fuencarral",2008,4,11.373405565281
"Hortaleza",2008,4,12.6356479528587
"Latina",2008,4,11.3415116242568
"Moncloa",2008,4,14.2395736229974
"Moratalaz",2008,4,10.9662988422213
"Puente De Vallecas",2008,4,11.8163050669002
"Retiro",2008,4,13.9742897297516
"Salamanca",2008,4,16.3241239885399
"San Blas",2008,4,11.9402305675913
"Tetuan",2008,4,12.8138030657221
"Usera",2008,4,11.6512189243261
"Vicálvaro",2008,4,10.7555364974229
"Villa De Vallecas",2008,4,10.6896816225192
"Villaverde",2008,4,10.6284438581828
"Arganzuela",2009,2,12.710960156608
"Barajas",2009,2,11.0246419489596
"Carabanchel",2009,2,10.6329918053615
"Centro",2009,2,15.7887133312236
"Chamartín",2009,2,14.0201817145535
"Chamberí",2009,2,15.1372461318912
"Ciudad Lineal",2009,2,11.744553923161
"Fuencarral",2009,2,10.9309408226494
"Hortaleza",2009,2,12.1973385555591
"Latina",2009,2,10.5991060119226
"Moncloa",2009,2,13.577953948534
"Moratalaz",2009,2,10.229013820054
"Puente De Vallecas",2009,2,11.021227573665
"Retiro",2009,2,13.0196473019734
"Salamanca",2009,2,15.4014666124965
"San Blas",2009,2,11.1207119842053
"Tetuan",2009,2,12.2871871477106
"Usera",2009,2,10.786221358578
"Vicálvaro",2009,2,10.2440452096245
"Villa De Vallecas",2009,2,10.1059481633004
"Villaverde",2009,2,10.0379982580426
"Arganzuela",2009,4,12.728870626135
"Barajas",2009,4,10.8218953193634
"Carabanchel",2009,4,10.5841258862207
"Centro",2009,4,15.6106600981053
"Chamartín",2009,4,13.8733236943123
"Chamberí",2009,4,14.462549771935
"Ciudad Lineal",2009,4,11.6381054385784
"Fuencarral",2009,4,10.6650630371508
"Hortaleza",2009,4,12.0716277714795
"Latina",2009,4,10.2223198932696
"Moncloa",2009,4,13.3874510592359
"Moratalaz",2009,4,10.1957580750546
"Puente De Vallecas",2009,4,10.5456411769636
"Retiro",2009,4,12.3477768442794
"Salamanca",2009,4,14.9411563260196
"San Blas",2009,4,10.8429803014052
"Tetuan",2009,4,12.0577739811559
"Usera",2009,4,10.170432581212
"Vicálvaro",2009,4,10.1849101780044
"Villa De Vallecas",2009,4,10.0937524967345
"Villaverde",2009,4,9.76476893266566
"Arganzuela",2010,1,12.659879764109
"Barajas",2010,1,10.763240320914
"Carabanchel",2010,1,10.5267596052576
"Centro",2010,1,15.5260498503783
"Chamartín",2010,1,13.7981298622004
"Chamberí",2010,1,14.3841623167424
"Ciudad Lineal",2010,1,11.575026556709
"Fuencarral",2010,1,10.6072580743929
"Hortaleza",2010,1,12.0061991855136
"Latina",2010,1,10.1669146116813
"Moncloa",2010,1,13.3148906714344
"Moratalaz",2010,1,10.1404967593208
"Puente De Vallecas",2010,1,10.4884834842834
"Retiro",2010,1,12.2808515220249
"Salamanca",2010,1,14.8601748088942
"San Blas",2010,1,10.7842110217184
"Tetuan",2010,1,11.9924204831507
"Usera",2010,1,10.1153085304172
"Vicálvaro",2010,1,10.1297076581992
"Villa De Vallecas",2010,1,10.0390440543063
"Villaverde",2010,1,9.7118435910595
"Arganzuela",2010,2,12.2787464399848
"Barajas",2010,2,10.8739493788948
"Carabanchel",2010,2,10.547752198676
"Centro",2010,2,15.2214897418983
"Chamartín",2010,2,13.6041598023892
"Chamberí",2010,2,14.3946415334709
"Ciudad Lineal",2010,2,11.6692199223791
"Fuencarral",2010,2,10.7420667690127
"Hortaleza",2010,2,11.8436738900339
"Latina",2010,2,10.170713846429
"Moncloa",2010,2,13.3489952215321
"Moratalaz",2010,2,10.0766777212009
"Puente De Vallecas",2010,2,10.6742365185878
"Retiro",2010,2,12.1536667205816
"Salamanca",2010,2,14.9859010560873
"San Blas",2010,2,10.7495084928282
"Tetuan",2010,2,11.6563669936923
"Usera",2010,2,10.2348538442435
"Vicálvaro",2010,2,9.82840191861784
"Villa De Vallecas",2010,2,9.92218693873533
"Villaverde",2010,2,9.5980187524935
"Arganzuela",2010,3,12.0281457225122
"Barajas",2010,3,10.7105982727876
"Carabanchel",2010,3,10.2967348943035
"Centro",2010,3,15.1597369663513
"Chamartín",2010,3,13.6349696679803
"Chamberí",2010,3,14.3971399258511
"Ciudad Lineal",2010,3,11.4066868739799
"Fuencarral",2010,3,10.6692661331621
"Hortaleza",2010,3,11.7714561347479
"Latina",2010,3,10.0861458144837
"Moncloa",2010,3,13.289881916855
"Moratalaz",2010,3,9.88310227671549
"Puente De Vallecas",2010,3,10.5775073391931
"Retiro",2010,3,12.2739655263352
"Salamanca",2010,3,14.6944908672693
"San Blas",2010,3,10.8728187409996
"Tetuan",2010,3,11.6797680384887
"Usera",2010,3,10.3884303344521
"Vicálvaro",2010,3,9.60973891874971
"Villa De Vallecas",2010,3,9.6519332571622
"Villaverde",2010,3,9.42287374525169
"Arganzuela",2010,4,12.143122640144
"Barajas",2010,4,10.7573802747341
"Carabanchel",2010,4,10.3643270192593
"Centro",2010,4,15.5646136338934
"Chamartín",2010,4,13.6679113698069
"Chamberí",2010,4,14.1725310512946
"Ciudad Lineal",2010,4,11.1570041892936
"Fuencarral",2010,4,10.5669676949908
"Hortaleza",2010,4,11.6835282737539
"Latina",2010,4,10.0578151967101
"Moncloa",2010,4,13.014394589663
"Moratalaz",2010,4,9.90141368016522
"Puente De Vallecas",2010,4,10.5577343042319
"Retiro",2010,4,12.3666622203071
"Salamanca",2010,4,14.4505088716605
"San Blas",2010,4,10.7948226161754
"Tetuan",2010,4,11.846739053591
"Usera",2010,4,10.4130572408664
"Vicálvaro",2010,4,9.27925387566733
"Villa De Vallecas",2010,4,9.64135828386377
"Villaverde",2010,4,9.75010528030871
"Arganzuela",2011,1,12.0647690065382
"Barajas",2011,1,11.2439142700506
"Carabanchel",2011,1,10.3415591589746
"Centro",2011,1,15.0783334642861
"Chamartín",2011,1,13.3981224101464
"Chamberí",2011,1,14.1334893735953
"Ciudad Lineal",2011,1,11.2766455004542
"Fuencarral",2011,1,10.6425907983931
"Hortaleza",2011,1,11.6963270107181
"Latina",2011,1,9.83068307551164
"Moncloa",2011,1,12.8180782604216
"Moratalaz",2011,1,9.8323634419681
"Puente De Vallecas",2011,1,10.6153455625195
"Retiro",2011,1,12.7104138253473
"Salamanca",2011,1,14.9369746932355
"San Blas",2011,1,10.8301254820186
"Tetuan",2011,1,11.7012061491781
"Usera",2011,1,10.1582740082758
"Vicálvaro",2011,1,9.53712109155263
"Villa De Vallecas",2011,1,9.87036064061823
"Villaverde",2011,1,9.49224915874403
"Arganzuela",2011,2,12.1218809177668
"Barajas",2011,2,11.1063805551633
"Carabanchel",2011,2,10.1445161729597
"Centro",2011,2,14.9270333315522
"Chamartín",2011,2,13.5351410614635
"Chamberí",2011,2,14.0995832293583
"Ciudad Lineal",2011,2,11.5807590535267
"Fuencarral",2011,2,10.8518924221738
"Hortaleza",2011,2,11.8718923452033
"Latina",2011,2,9.96303153181491
"Moncloa",2011,2,13.1516117286308
"Moratalaz",2011,2,9.54428911399073
"Puente De Vallecas",2011,2,10.3701141501084
"Retiro",2011,2,12.9087698348843
"Salamanca",2011,2,14.8404090943709
"San Blas",2011,2,10.8579858160179
"Tetuan",2011,2,11.5544343172502
"Usera",2011,2,9.96297497470866
"Vicálvaro",2011,2,9.41478159950644
"Villa De Vallecas",2011,2,9.55866007781277
"Villaverde",2011,2,9.14956907603677
"Arganzuela",2011,3,11.8403943821531
"Barajas",2011,3,10.841084430822
"Carabanchel",2011,3,9.92400756516392
"Centro",2011,3,15.0182461190269
"Chamartín",2011,3,13.5549985525866
"Chamberí",2011,3,14.1395277999491
"Ciudad Lineal",2011,3,11.4519932985088
"Fuencarral",2011,3,10.9105605788011
"Hortaleza",2011,3,12.0148890887837
"Latina",2011,3,9.83145372214168
"Moncloa",2011,3,13.2575129417197
"Moratalaz",2011,3,9.42592208671518
"Puente De Vallecas",2011,3,10.1766519814134
"Retiro",2011,3,12.4782756229157
"Salamanca",2011,3,14.8023319108138
"San Blas",2011,3,10.8060637831965
"Tetuan",2011,3,11.5735540767183
"Usera",2011,3,10.1008006259337
"Vicálvaro",2011,3,9.14818952477611
"Villa De Vallecas",2011,3,9.67340368078341
"Villaverde",2011,3,9.11272749989362
"Arganzuela",2011,4,11.6579500383903
"Barajas",2011,4,11.1379012835565
"Carabanchel",2011,4,10.0723855685609
"Centro",2011,4,15.0133643788755
"Chamartín",2011,4,13.6184484542582
"Chamberí",2011,4,13.9474161190311
"Ciudad Lineal",2011,4,11.3537775257572
"Fuencarral",2011,4,10.6869925203282
"Hortaleza",2011,4,11.9536323622229
"Latina",2011,4,9.81157695446492
"Moncloa",2011,4,13.02690357692
"Moratalaz",2011,4,9.49158567264086
"Puente De Vallecas",2011,4,10.2952966562842
"Retiro",2011,4,12.7019051632919
"Salamanca",2011,4,14.855814855692
"San Blas",2011,4,10.5929727721711
"Tetuan",2011,4,11.2328320927906
"Usera",2011,4,9.76055353493019
"Vicálvaro",2011,4,9.08926195281564
"Villa De Vallecas",2011,4,9.47852788167531
"Villaverde",2011,4,9.21883099150658
"Arganzuela",2012,1,11.5646904935239
"Barajas",2012,1,10.8401585390873
"Carabanchel",2012,1,9.88405686238305
"Centro",2012,1,14.8223774438239
"Chamartín",2012,1,13.4474562802434
"Chamberí",2012,1,13.7064889675588
"Ciudad Lineal",2012,1,11.2890326787914
"Fuencarral",2012,1,10.4694807642389
"Hortaleza",2012,1,11.8767988479152
"Latina",2012,1,9.8281368522126
"Moncloa",2012,1,12.5051923930877
"Moratalaz",2012,1,9.27025777911021
"Puente De Vallecas",2012,1,10.086220065326
"Retiro",2012,1,12.6018912977752
"Salamanca",2012,1,14.5979876362141
"San Blas",2012,1,10.4620204645154
"Tetuan",2012,1,11.3617507730166
"Usera",2012,1,9.85421178400139
"Vicálvaro",2012,1,9.2517242117644
"Villa De Vallecas",2012,1,9.48080421484759
"Villaverde",2012,1,9.0794178344555
"Arganzuela",2012,2,11.5800394355778
"Barajas",2012,2,10.9568123215525
"Carabanchel",2012,2,9.84549968042338
"Centro",2012,2,14.482733005987
"Chamartín",2012,2,13.0600978577175
"Chamberí",2012,2,13.7252969245201
"Ciudad Lineal",2012,2,11.2075134803904
"Fuencarral",2012,2,10.4986739320574
"Hortaleza",2012,2,11.37863460791
"Latina",2012,2,9.53806045672598
"Moncloa",2012,2,12.3751920641433
"Moratalaz",2012,2,9.20226325689136
"Puente De Vallecas",2012,2,9.80730506024373
"Retiro",2012,2,12.3638321116383
"Salamanca",2012,2,14.2126965446497
"San Blas",2012,2,10.388651202183
"Tetuan",2012,2,11.2557272136627
"Usera",2012,2,9.51626069876602
"Vicálvaro",2012,2,8.89844492051179
"Villa De Vallecas",2012,2,9.2293545299022
"Villaverde",2012,2,9.24049307040604
"Arganzuela",2012,3,11.5045891449654
"Barajas",2012,3,10.4680555656831
"Carabanchel",2012,3,9.60356401695737
"Centro",2012,3,14.095542813787
"Chamartín",2012,3,12.6963618108726
"Chamberí",2012,3,13.9436088323438
"Ciudad Lineal",2012,3,10.9573121932268
"Fuencarral",2012,3,10.2977427349984
"Hortaleza",2012,3,11.5388178344925
"Latina",2012,3,9.58415720967577
"Moncloa",2012,3,12.4319677961928
"Moratalaz",2012,3,9.21019288823939
"Puente De Vallecas",2012,3,9.62875478817707
"Retiro",2012,3,12.1674348332068
"Salamanca",2012,3,14.1364219317003
"San Blas",2012,3,10.2648909311001
"Tetuan",2012,3,11.2364397663607
"Usera",2012,3,9.09206663803898
"Vicálvaro",2012,3,8.96157570103528
"Villa De Vallecas",2012,3,9.34039000849991
"Villaverde",2012,3,8.93261339704957
"Arganzuela",2012,4,11.2633522134569
"Barajas",2012,4,10.3760597311235
"Carabanchel",2012,4,9.4281733261293
"Centro",2012,4,13.9560688230609
"Chamartín",2012,4,12.5200942206228
"Chamberí",2012,4,13.3301470879161
"Ciudad Lineal",2012,4,10.8892609668829
"Fuencarral",2012,4,10.0728469745348
"Hortaleza",2012,4,11.3970480455694
"Latina",2012,4,9.42874338363349
"Moncloa",2012,4,12.2926889177453
"Moratalaz",2012,4,8.93473736965066
"Puente De Vallecas",2012,4,9.55043147394587
"Retiro",2012,4,11.9513173745868
"Salamanca",2012,4,14.3089448324849
"San Blas",2012,4,9.7311412226694
"Tetuan",2012,4,11.0605195777613
"Usera",2012,4,9.22898560764347
"Vicálvaro",2012,4,8.69394144819499
"Villa De Vallecas",2012,4,9.16920633662819
"Villaverde",2012,4,9.0595459838914
"Arganzuela",2013,1,11.2357607094677
"Barajas",2013,1,10.4066671271389
"Carabanchel",2013,1,9.15628252189198
"Centro",2013,1,13.7044674589368
"Chamartín",2013,1,12.258727926749
"Chamberí",2013,1,13.0721729243703
"Ciudad Lineal",2013,1,10.393237928017
"Fuencarral",2013,1,9.99951145471179
"Hortaleza",2013,1,11.3358198230437
"Latina",2013,1,9.03532193577828
"Moncloa",2013,1,11.561936087069
"Moratalaz",2013,1,8.92897555999387
"Puente De Vallecas",2013,1,9.16421604708088
"Retiro",2013,1,11.4316859385104
"Salamanca",2013,1,13.5356783233938
"San Blas",2013,1,9.54678814048909
"Tetuan",2013,1,10.6655254343339
"Usera",2013,1,9.03458610798683
"Vicálvaro",2013,1,8.57406277291481
"Villa De Vallecas",2013,1,9.03346239789739
"Villaverde",2013,1,8.41400496356517
"Arganzuela",2013,2,11.0083457797019
"Barajas",2013,2,10.2963256087653
"Carabanchel",2013,2,9.02002835347907
"Centro",2013,2,13.4982801363511
"Chamartín",2013,2,12.0621655430013
"Chamberí",2013,2,12.9942812453129
"Ciudad Lineal",2013,2,10.2022445018551
"Fuencarral",2013,2,10.0321486413258
"Hortaleza",2013,2,10.8870841566393
"Latina",2013,2,8.79643198397542
"Moncloa",2013,2,11.7677892021141
"Moratalaz",2013,2,8.71382288160069
"Puente De Vallecas",2013,2,9.22174861433047
"Retiro",2013,2,11.4195758986885
"Salamanca",2013,2,13.5272766043831
"San Blas",2013,2,9.34902135574314
"Tetuan",2013,2,10.5591291676963
"Usera",2013,2,8.99938001786019
"Vicálvaro",2013,2,8.60658266148793
"Villa De Vallecas",2013,2,8.82288360583209
"Villaverde",2013,2,8.21709170583227
"Arganzuela",2013,3,10.89
"Barajas",2013,3,10.01
"Carabanchel",2013,3,9.22
"Centro",2013,3,13.49
"Chamartín",2013,3,12.57
"Chamberí",2013,3,12.96
"Ciudad Lineal",2013,3,10.48
"Fuencarral",2013,3,10.2
"Hortaleza",2013,3,10.73
"Latina",2013,3,8.92
"Moncloa",2013,3,11.75
"Moratalaz",2013,3,8.48
"Puente De Vallecas",2013,3,9.08
"Retiro",2013,3,11.35
"Salamanca",2013,3,13.59
"San Blas",2013,3,9.46
"Tetuan",2013,3,11.27
"Usera",2013,3,8.81
"Vicálvaro",2013,3,8.22
"Villa De Vallecas",2013,3,8.79
"Villaverde",2013,3,8
"Arganzuela",2013,4,10.8858069767005
"Barajas",2013,4,10.1819608094653
"Carabanchel",2013,4,8.81158350829593
"Centro",2013,4,13.3822052801994
"Chamartín",2013,4,12.27163963105
"Chamberí",2013,4,13.0039158573793
"Ciudad Lineal",2013,4,10.2175801848829
"Fuencarral",2013,4,9.87960665515587
"Hortaleza",2013,4,10.8980408197919
"Latina",2013,4,8.45491551892365
"Moncloa",2013,4,11.3603894250714
"Moratalaz",2013,4,8.33049430140202
"Puente De Vallecas",2013,4,8.64026027165763
"Retiro",2013,4,11.5196751558057
"Salamanca",2013,4,13.2930664878794
"San Blas",2013,4,9.28269287897229
"Tetuan",2013,4,11.2223607143676
"Usera",2013,4,8.84272690476078
"Vicálvaro",2013,4,8.18222284461504
"Villa De Vallecas",2013,4,8.74688363088342
"Villaverde",2013,4,7.93331780975459
"Arganzuela",2014,1,10.9374781395966
"Barajas",2014,1,10.00814884941
"Carabanchel",2014,1,8.83351044694718
"Centro",2014,1,13.5904774555863
"Chamartín",2014,1,12.2684564576669
"Chamberí",2014,1,13.3669247616624
"Ciudad Lineal",2014,1,10.3064138553634
"Fuencarral",2014,1,10.1262694023151
"Hortaleza",2014,1,11.0093598627774
"Latina",2014,1,9.02692148629823
"Moncloa",2014,1,12.3507040716668
"Moratalaz",2014,1,8.49851824978058
"Puente De Vallecas",2014,1,8.60963457721565
"Retiro",2014,1,11.6327626766866
"Salamanca",2014,1,13.9659115030923
"San Blas",2014,1,9.38414400017937
"Tetuan",2014,1,11.2243451876198
"Usera",2014,1,9.19397968789023
"Vicálvaro",2014,1,7.9712021150398
"Villa De Vallecas",2014,1,8.77302811864205
"Villaverde",2014,1,8.09074610919777
"Arganzuela",2014,2,10.68
"Barajas",2014,2,9.85
"Carabanchel",2014,2,8.27
"Centro",2014,2,13.39
"Chamartín",2014,2,12.26
"Chamberí",2014,2,13.21
"Ciudad Lineal",2014,2,10.19
"Fuencarral",2014,2,9.95
"Hortaleza",2014,2,10.57
"Latina",2014,2,8.56
"Moncloa",2014,2,12
"Moratalaz",2014,2,8.37
"Puente De Vallecas",2014,2,8.41
"Retiro",2014,2,11.4
"Salamanca",2014,2,13.43
"San Blas",2014,2,9.2
"Tetuan",2014,2,11.06
"Usera",2014,2,8.42
"Vicálvaro",2014,2,8.26
"Villa De Vallecas",2014,2,8.59
"Villaverde",2014,2,7.81
"Arganzuela",2014,3,10.7747389574552
"Barajas",2014,3,9.77862030001998
"Carabanchel",2014,3,8.16135061411346
"Centro",2014,3,13.4640041023515
"Chamartín",2014,3,12.1727354668413
"Chamberí",2014,3,13.2325093465106
"Ciudad Lineal",2014,3,10.0468797303064
"Fuencarral",2014,3,9.80088196075923
"Hortaleza",2014,3,10.5426362507201
"Latina",2014,3,8.66108033321047
"Moncloa",2014,3,11.6835203112687
"Moratalaz",2014,3,8.35690382290628
"Puente De Vallecas",2014,3,8.28698492838285
"Retiro",2014,3,11.6633377448659
"Salamanca",2014,3,13.5349038342957
"San Blas",2014,3,9.16913940397139
"Tetuan",2014,3,11.124943500392
"Usera",2014,3,8.39784787558856
"Vicálvaro",2014,3,7.91069828518971
"Villa De Vallecas",2014,3,8.5085795010639
"Villaverde",2014,3,7.59154123593289
"Arganzuela",2014,4,10.9834524125808
"Barajas",2014,4,9.48864391020779
"Carabanchel",2014,4,8.34620440033888
"Centro",2014,4,13.6749100899222
"Chamartín",2014,4,12.3976102199946
"Chamberí",2014,4,13.4600501941345
"Ciudad Lineal",2014,4,10.195528771549
"Fuencarral",2014,4,10.2281212284698
"Hortaleza",2014,4,10.3196636202872
"Latina",2014,4,8.50109052612795
"Moncloa",2014,4,11.9604153370901
"Moratalaz",2014,4,8.51303041212471
"Puente De Vallecas",2014,4,8.06611634254025
"Retiro",2014,4,11.65758097465
"Salamanca",2014,4,13.8021198318023
"San Blas",2014,4,9.22951234774211
"Tetuan",2014,4,11.2884553142549
"Usera",2014,4,8.42120628066054
"Vicálvaro",2014,4,8.30906427216446
"Villa De Vallecas",2014,4,8.70177281697652
"Villaverde",2014,4,7.78171844700427
"Arganzuela",2015,1,11.1727425245243
"Barajas",2015,1,10.0420844598726
"Carabanchel",2015,1,8.35509954914274
"Centro",2015,1,13.8403507741421
"Chamartín",2015,1,12.5641646686427
"Chamberí",2015,1,13.5771548589031
"Ciudad Lineal",2015,1,10.4443081511704
"Fuencarral",2015,1,10.2719745636318
"Hortaleza",2015,1,10.6935546019871
"Latina",2015,1,8.60871202228652
"Moncloa",2015,1,12.0315081635429
"Moratalaz",2015,1,8.7540684907609
"Puente De Vallecas",2015,1,8.25279064309696
"Retiro",2015,1,12.2008461434193
"Salamanca",2015,1,13.7327624547983
"San Blas",2015,1,9.42622102844482
"Tetuan",2015,1,11.4435456823717
"Usera",2015,1,8.66836661502099
"Vicálvaro",2015,1,8.40312561916058
"Villa De Vallecas",2015,1,8.62954391031269
"Villaverde",2015,1,7.95235467525358
"Arganzuela",2015,2,11.0914434509912
"Barajas",2015,2,9.81159318236514
"Carabanchel",2015,2,8.46614641328889
"Centro",2015,2,13.7423644522679
"Chamartín",2015,2,12.492506743325
"Chamberí",2015,2,13.4561621440105
"Ciudad Lineal",2015,2,10.3890479044537
"Fuencarral",2015,2,10.2440717798007
"Hortaleza",2015,2,10.5613243292832
"Latina",2015,2,8.65117388505769
"Moncloa",2015,2,12.2699625500067
"Moratalaz",2015,2,8.573126443507
"Puente De Vallecas",2015,2,8.50060224967436
"Retiro",2015,2,11.8242949688219
"Salamanca",2015,2,13.7931855678698
"San Blas",2015,2,9.26078055453838
"Tetuan",2015,2,11.7904881171351
"Usera",2015,2,8.77825610871313
"Vicálvaro",2015,2,8.22023374750379
"Villa De Vallecas",2015,2,8.75027055012285
"Villaverde",2015,2,7.7548226751999
"Arganzuela",2015,3,11.9380156405113
"Barajas",2015,3,9.86860051116251
"Carabanchel",2015,3,8.86931660868172
"Centro",2015,3,14.5139395530953
"Chamartín",2015,3,12.8845869554096
"Chamberí",2015,3,14.052332408175
"Ciudad Lineal",2015,3,10.70172824283
"Fuencarral",2015,3,10.3914245783684
"Hortaleza",2015,3,10.9961084502356
"Latina",2015,3,8.7473460347336
"Moncloa",2015,3,12.8635868008704
"Moratalaz",2015,3,8.56360360542653
"Puente De Vallecas",2015,3,8.67417738633088
"Retiro",2015,3,12.6531302998364
"Salamanca",2015,3,14.6716187208679
"San Blas",2015,3,9.5884867750248
"Tetuan",2015,3,12.466251590038
"Usera",2015,3,9.59157819859993
"Vicálvaro",2015,3,8.18627976106403
"Villa De Vallecas",2015,3,8.75760436068289
"Villaverde",2015,3,8.32610727200041
"Arganzuela",2015,4,12.0146828365162
"Barajas",2015,4,9.99225524550741
"Carabanchel",2015,4,9.23260984312775
"Centro",2015,4,15.2512195854152
"Chamartín",2015,4,13.1682833928258
"Chamberí",2015,4,14.6479765670695
"Ciudad Lineal",2015,4,11.2788077351038
"Fuencarral",2015,4,10.6611234741001
"Hortaleza",2015,4,11.0483684050868
"Latina",2015,4,9.27144336584987
"Moncloa",2015,4,12.3132282958037
"Moratalaz",2015,4,8.43330203077937
"Puente De Vallecas",2015,4,8.98973007592361
"Retiro",2015,4,13.1846677725839
"Salamanca",2015,4,15.0481230132106
"San Blas",2015,4,9.67613250255948
"Tetuan",2015,4,12.5304514010362
"Usera",2015,4,9.88686508578398
"Vicálvaro",2015,4,8.67172217767219
"Villa De Vallecas",2015,4,8.95258278308353
"Villaverde",2015,4,8.87440523293855
"Arganzuela",2016,1,12.1677147315025
"Barajas",2016,1,10.2468199908617
"Carabanchel",2016,1,8.94712271369279
"Centro",2016,1,15.9119540612923
"Chamartín",2016,1,13.5688040596715
"Chamberí",2016,1,14.7625851652157
"Ciudad Lineal",2016,1,11.2554782626014
"Fuencarral",2016,1,10.6508967759469
"Hortaleza",2016,1,10.8930366081855
"Latina",2016,1,9.41550617196208
"Moncloa",2016,1,12.8403103973192
"Moratalaz",2016,1,8.88921339669341
"Puente De Vallecas",2016,1,8.97881027809778
"Retiro",2016,1,13.5165701392935
"Salamanca",2016,1,15.6367050627137
"San Blas",2016,1,9.64734247845529
"Tetuan",2016,1,12.913108594216
"Usera",2016,1,9.73781682917016
"Vicálvaro",2016,1,8.36439523545268
"Villa De Vallecas",2016,1,9.18765883685146
"Villaverde",2016,1,8.21315427455413
"Arganzuela",2016,2,11.9834141460663
"Barajas",2016,2,10.6240699216793
"Carabanchel",2016,2,9.3046135369954
"Centro",2016,2,15.9706301435141
"Chamartín",2016,2,13.8510672310924
"Chamberí",2016,2,15.189586230168
"Ciudad Lineal",2016,2,11.1186050202293
"Fuencarral",2016,2,10.6990092792695
"Hortaleza",2016,2,11.0853804503991
"Latina",2016,2,9.37146272022585
"Moncloa",2016,2,12.8319024624526
"Moratalaz",2016,2,9.25576284909197
"Puente De Vallecas",2016,2,9.08118129866036
"Retiro",2016,2,13.7544207413979
"Salamanca",2016,2,15.5798931394844
"San Blas",2016,2,9.70084875999932
"Tetuan",2016,2,12.7899732729147
"Usera",2016,2,9.42055212732557
"Vicálvaro",2016,2,9.01354566174889
"Villa De Vallecas",2016,2,9.05103162950543
"Villaverde",2016,2,8.18347983494349
"Arganzuela",2016,3,13.405683896115
"Barajas",2016,3,10.9660461687553
"Carabanchel",2016,3,9.66079838623608
"Centro",2016,3,16.9096751593232
"Chamartín",2016,3,14.2706296553719
"Chamberí",2016,3,15.8800102376416
"Ciudad Lineal",2016,3,11.5947897628373
"Fuencarral",2016,3,11.3299755057005
"Hortaleza",2016,3,11.6691660267729
"Latina",2016,3,9.90097199367841
"Moncloa",2016,3,13.8417356956761
"Moratalaz",2016,3,9.84540414151086
"Puente De Vallecas",2016,3,9.47504553619131
"Retiro",2016,3,14.5771048634449
"Salamanca",2016,3,16.1076402587202
"San Blas",2016,3,10.0754945160857
"Tetuan",2016,3,13.9251557875487
"Usera",2016,3,9.75436692097902
"Vicálvaro",2016,3,9.78827411179791
"Villa De Vallecas",2016,3,9.11638701201319
"Villaverde",2016,3,8.41611772112573
"Arganzuela",2016,4,13.4702179238398
"Barajas",2016,4,10.575034767426
"Carabanchel",2016,4,10.4333867412095
"Centro",2016,4,17.6937301576477
"Chamartín",2016,4,14.0895183818914
"Chamberí",2016,4,17.3226466672662
"Ciudad Lineal",2016,4,12.226214890118
"Fuencarral",2016,4,11.4187525758737
"Hortaleza",2016,4,11.6048160686995
"Latina",2016,4,10.4100785296532
"Moncloa",2016,4,14.4003970824677
"Moratalaz",2016,4,9.71802944682013
"Puente De Vallecas",2016,4,10.2165124460553
"Retiro",2016,4,14.2146918851919
"Salamanca",2016,4,16.7108645479928
"San Blas",2016,4,10.6190527393604
"Tetuan",2016,4,14.9915226912723
"Usera",2016,4,9.75368321243057
"Vicálvaro",2016,4,9.10510665286665
"Villa De Vallecas",2016,4,9.68407269137156
"Villaverde",2016,4,8.92298342120962
"Arganzuela",2017,1,14.1304879744966
"Barajas",2017,1,11.5881628905248
"Carabanchel",2017,1,10.6083624211259
"Centro",2017,1,18.6058727971145
"Chamartín",2017,1,15.0794295303143
"Chamberí",2017,1,16.6747298162353
"Ciudad Lineal",2017,1,12.1166410440692
"Fuencarral",2017,1,11.5085081401018
"Hortaleza",2017,1,11.8875512919782
"Latina",2017,1,10.8993239662858
"Moncloa",2017,1,15.0944660275009
"Moratalaz",2017,1,10.229891491217
"Puente De Vallecas",2017,1,10.155772005994
"Retiro",2017,1,14.9074576930175
"Salamanca",2017,1,17.343829573336
"San Blas",2017,1,10.7743314042504
"Tetuan",2017,1,14.5287771250241
"Usera",2017,1,9.83272769063173
"Vicálvaro",2017,1,9.21045785105648
"Villa De Vallecas",2017,1,9.6016104849714
"Villaverde",2017,1,9.49456180469741
"Arganzuela",2017,2,14.1461395293543
"Barajas",2017,2,12.0411807397153
"Carabanchel",2017,2,10.0326349484058
"Centro",2017,2,17.9028957725841
"Chamartín",2017,2,15.5226718705453
"Chamberí",2017,2,16.4797442858324
"Ciudad Lineal",2017,2,12.306637265751
"Fuencarral",2017,2,11.583597149683
"Hortaleza",2017,2,11.9233583867778
"Latina",2017,2,10.2417386950058
"Moncloa",2017,2,14.0194284318785
"Moratalaz",2017,2,10.1533083397008
"Puente De Vallecas",2017,2,9.9804692532717
"Retiro",2017,2,14.327925954898
"Salamanca",2017,2,17.2948873602478
"San Blas",2017,2,11.3285559913587
"Tetuan",2017,2,14.1524545666617
"Usera",2017,2,10.1416126740229
"Vicálvaro",2017,2,9.94585677345515
"Villa De Vallecas",2017,2,9.41362430371294
"Villaverde",2017,2,9.53761452895584
"Arganzuela",2017,3,14.6640945898677
"Barajas",2017,3,11.5839003433612
"Carabanchel",2017,3,10.747140446249
"Centro",2017,3,18.4374071400782
"Chamartín",2017,3,16.0170439904211
"Chamberí",2017,3,17.0236470206401
"Ciudad Lineal",2017,3,12.7328685606705
"Fuencarral",2017,3,11.8841570385969
"Hortaleza",2017,3,12.810477859441
"Latina",2017,3,10.8189926582207
"Moncloa",2017,3,14.8299541257834
"Moratalaz",2017,3,10.8271760742261
"Puente De Vallecas",2017,3,10.6480662487741
"Retiro",2017,3,14.9601838862943
"Salamanca",2017,3,18.0084175940079
"San Blas",2017,3,11.4652889039583
"Tetuan",2017,3,14.9498645020057
"Usera",2017,3,10.8177504772889
"Vicálvaro",2017,3,10.0968005290435
"Villa De Vallecas",2017,3,9.72639896562596
"Villaverde",2017,3,9.98097450182538
"Arganzuela",2017,4,14.6231377680152
"Barajas",2017,4,12.2035807060496
"Carabanchel",2017,4,11.4190769701916
"Centro",2017,4,19.0193637374261
"Chamartín",2017,4,15.9172848882107
"Chamberí",2017,4,17.0782235059751
"Ciudad Lineal",2017,4,12.8657996766486
"Fuencarral",2017,4,12.0030015637339
"Hortaleza",2017,4,13.1390826332154
"Latina",2017,4,11.3192807267897
"Moncloa",2017,4,14.804961551221
"Moratalaz",2017,4,10.9407775077774
"Puente De Vallecas",2017,4,11.2865758864588
"Retiro",2017,4,15.9180524578692
"Salamanca",2017,4,18.4774395562228
"San Blas",2017,4,11.363283025625
"Tetuan",2017,4,15.3323262882527
"Usera",2017,4,11.2865600091301
"Vicálvaro",2017,4,9.6777105286565
"Villa De Vallecas",2017,4,9.87186590729701
"Villaverde",2017,4,10.2964146531795
"Arganzuela",2018,1,14.8519316209227
"Barajas",2018,1,12.7487701213915
"Carabanchel",2018,1,11.6571425727584
"Centro",2018,1,19.3086068151837
"Chamartín",2018,1,16.2788212916294
"Chamberí",2018,1,17.5983520957312
"Ciudad Lineal",2018,1,13.0337129551821
"Fuencarral",2018,1,12.0433438004403
"Hortaleza",2018,1,13.2629819550884
"Latina",2018,1,11.2326231994488
"Moncloa",2018,1,14.5257691106708
"Moratalaz",2018,1,10.9924737705548
"Puente De Vallecas",2018,1,11.5557957496812
"Retiro",2018,1,15.6535642632778
"Salamanca",2018,1,18.6760283779613
"San Blas",2018,1,11.5597418531391
"Tetuan",2018,1,15.0702359953486
"Usera",2018,1,11.338361244085
"Vicálvaro",2018,1,10.1068305155562
"Villa De Vallecas",2018,1,10.367151557433
"Villaverde",2018,1,10.2306378473688
"Arganzuela",2018,2,14.5960795344618
"Barajas",2018,2,12.3488240953199
"Carabanchel",2018,2,11.6135330688936
"Centro",2018,2,18.8126388943286
"Chamartín",2018,2,16.6065058351281
"Chamberí",2018,2,17.7497685149743
"Ciudad Lineal",2018,2,13.0612300540625
"Fuencarral",2018,2,12.1206466258191
"Hortaleza",2018,2,13.4297449196317
"Latina",2018,2,11.4790187123636
"Moncloa",2018,2,15.1891763368615
"Moratalaz",2018,2,10.769478278323
"Puente De Vallecas",2018,2,11.8751001603871
"Retiro",2018,2,15.7678607071339
"Salamanca",2018,2,19.0892430286753
"San Blas",2018,2,11.8084237984012
"Tetuan",2018,2,15.1145580123034
"Usera",2018,2,11.5334578025335
"Vicálvaro",2018,2,9.96213936458689
"Villa De Vallecas",2018,2,10.915967237532
"Villaverde",2018,2,10.427526649093
